{"optionChain":{
    "result":[{
        "underlyingSymbol":"FB",
        "expirationDates":[1597968000,1598572800,1599177600,1599782400,1600387200,1600992000,1601596800,1602806400,1605830400,1608249600,1610668800,1613692800,1616112000,1623974400,1626393600,1642723200,1655424000,1663286400,1771632000],
        "strikes":[],
        "hasMiniOptions":false,
        "quote":{
            "language":"en-US",
            "region":"US",
            "quoteType":"EQUITY",
            "quoteSourceName":"Delayed Quote",
            "triggerable":true,
            "currency":"USD",
            "priceToBook":6.7390914,
            "sourceInterval":15,
            "exchangeDataDelayedBy":0,
            "tradeable":false,
            "firstTradeDateMilliseconds":1337347800000,
            "postMarketPrice":261.39,
            "postMarketChange":0.23001099,
            "regularMarketChange":-0.07998657,
            "regularMarketChangePercent":-0.030618042,
            "regularMarketTime":1597694401,
            "regularMarketPrice":261.16,
            "regularMarketDayHigh":264.0973,
            "regularMarketDayRange":"259.4 - 264.0973",
            "regularMarketDayLow":259.4,
            "regularMarketVolume":12091658,
            "regularMarketPreviousClose":261.24,
            "bid":261.3,
            "ask":261.2,
            "bidSize":11,
            "askSize":9,
            "fullExchangeName":"NasdaqGS",
            "financialCurrency":"USD",
            "regularMarketOpen":262.5,
            "averageDailyVolume3Month":26247336,
            "averageDailyVolume10Day":30802933,
            "fiftyTwoWeekLowChange":124.06,
            "fiftyTwoWeekLowChangePercent":0.9048869,
            "fiftyTwoWeekRange":"137.1 - 278.89",
            "fiftyTwoWeekHighChange":-17.730011,
            "fiftyTwoWeekHighChangePercent":-0.06357349,
            "fiftyTwoWeekLow":137.1,
            "fiftyTwoWeekHigh":278.89,
            "earningsTimestamp":1596125105,
            "earningsTimestampStart":1603882740,
            "earningsTimestampEnd":1604318400,
            "trailingPE":31.934458,
            "epsTrailingTwelveMonths":8.178,
            "epsForward":10.11,
            "priceHint":2,
            "postMarketChangePercent":0.08807282,
            "postMarketTime":1597708718,
            "epsCurrentYear":8.0,
            "priceEpsCurrentYear":32.645,
            "sharesOutstanding":2404280064,
            "bookValue":38.753,
            "fiftyDayAverage":244.01646,
            "fiftyDayAverageChange":17.14354,
            "fiftyDayAverageChangePercent":0.07025567,
            "twoHundredDayAverage":210.16238,
            "twoHundredDayAverageChange":50.99762,
            "twoHundredDayAverageChangePercent":0.24265817,
            "marketCap":743997833216,
            "forwardPE":25.83185,
            "marketState":"POSTPOST",
            "exchange":"NMS",
            "shortName":"Facebook, Inc.",
            "longName":"Facebook, Inc.",
            "messageBoardId":"finmb_20765463",
            "exchangeTimezoneName":"America/New_York",
            "exchangeTimezoneShortName":"EDT",
            "gmtOffSetMilliseconds":-14400000,
            "market":"us_market",
            "esgPopulated":false,
            "displayName":"Facebook",
            "symbol":"FB"},
        "options":[{
            "expirationDate":1597719875,
            "hasMiniOptions":false,
            "calls":[],
            "puts":[]}]}],
    "error":null}}
